model,accuracy,precision,recall,f1,roc_auc,pr_auc
Autoencoder,0.9489490192406722,0.0070191857744501636,0.20270270270270271,0.013568521031207599,0.6056891866542964,0.003963114383743955
